{"frames":{"koti_ikkuna_looking0.png":{"frame":{"x":0,"y":0,"w":314,"h":350},"rotated":false,"trimmed":false,"spriteSourceSize":{"x":0,"y":0,"w":314,"h":350},"sourceSize":{"w":314,"h":350}},"koti_ikkuna_looking1.png":{"frame":{"x":314,"y":0,"w":314,"h":350},"rotated":false,"trimmed":false,"spriteSourceSize":{"x":0,"y":0,"w":314,"h":350},"sourceSize":{"w":314,"h":350}},"koti_ikkuna_looking2.png":{"frame":{"x":0,"y":350,"w":314,"h":350},"rotated":false,"trimmed":false,"spriteSourceSize":{"x":0,"y":0,"w":314,"h":350},"sourceSize":{"w":314,"h":350}},"koti_ikkuna_looking3.png":{"frame":{"x":314,"y":350,"w":314,"h":350},"rotated":false,"trimmed":false,"spriteSourceSize":{"x":0,"y":0,"w":314,"h":350},"sourceSize":{"w":314,"h":350}}},"meta":{"app":"https://github.com/piskelapp/piskel/","version":"1.0","image":"koti_ikkuna_looking.png","format":"RGBA8888","size":{"w":628,"h":700}}}