{"frames":{"koti_tv_uusi0.png":{"frame":{"x":0,"y":0,"w":231,"h":289},"rotated":false,"trimmed":false,"spriteSourceSize":{"x":0,"y":0,"w":231,"h":289},"sourceSize":{"w":231,"h":289}},"koti_tv_uusi1.png":{"frame":{"x":231,"y":0,"w":231,"h":289},"rotated":false,"trimmed":false,"spriteSourceSize":{"x":0,"y":0,"w":231,"h":289},"sourceSize":{"w":231,"h":289}},"koti_tv_uusi2.png":{"frame":{"x":462,"y":0,"w":231,"h":289},"rotated":false,"trimmed":false,"spriteSourceSize":{"x":0,"y":0,"w":231,"h":289},"sourceSize":{"w":231,"h":289}},"koti_tv_uusi3.png":{"frame":{"x":693,"y":0,"w":231,"h":289},"rotated":false,"trimmed":false,"spriteSourceSize":{"x":0,"y":0,"w":231,"h":289},"sourceSize":{"w":231,"h":289}},"koti_tv_uusi4.png":{"frame":{"x":924,"y":0,"w":231,"h":289},"rotated":false,"trimmed":false,"spriteSourceSize":{"x":0,"y":0,"w":231,"h":289},"sourceSize":{"w":231,"h":289}},"koti_tv_uusi5.png":{"frame":{"x":0,"y":289,"w":231,"h":289},"rotated":false,"trimmed":false,"spriteSourceSize":{"x":0,"y":0,"w":231,"h":289},"sourceSize":{"w":231,"h":289}},"koti_tv_uusi6.png":{"frame":{"x":231,"y":289,"w":231,"h":289},"rotated":false,"trimmed":false,"spriteSourceSize":{"x":0,"y":0,"w":231,"h":289},"sourceSize":{"w":231,"h":289}},"koti_tv_uusi7.png":{"frame":{"x":462,"y":289,"w":231,"h":289},"rotated":false,"trimmed":false,"spriteSourceSize":{"x":0,"y":0,"w":231,"h":289},"sourceSize":{"w":231,"h":289}},"koti_tv_uusi8.png":{"frame":{"x":693,"y":289,"w":231,"h":289},"rotated":false,"trimmed":false,"spriteSourceSize":{"x":0,"y":0,"w":231,"h":289},"sourceSize":{"w":231,"h":289}},"koti_tv_uusi9.png":{"frame":{"x":924,"y":289,"w":231,"h":289},"rotated":false,"trimmed":false,"spriteSourceSize":{"x":0,"y":0,"w":231,"h":289},"sourceSize":{"w":231,"h":289}},"koti_tv_uusi10.png":{"frame":{"x":0,"y":578,"w":231,"h":289},"rotated":false,"trimmed":false,"spriteSourceSize":{"x":0,"y":0,"w":231,"h":289},"sourceSize":{"w":231,"h":289}},"koti_tv_uusi11.png":{"frame":{"x":231,"y":578,"w":231,"h":289},"rotated":false,"trimmed":false,"spriteSourceSize":{"x":0,"y":0,"w":231,"h":289},"sourceSize":{"w":231,"h":289}},"koti_tv_uusi12.png":{"frame":{"x":462,"y":578,"w":231,"h":289},"rotated":false,"trimmed":false,"spriteSourceSize":{"x":0,"y":0,"w":231,"h":289},"sourceSize":{"w":231,"h":289}},"koti_tv_uusi13.png":{"frame":{"x":693,"y":578,"w":231,"h":289},"rotated":false,"trimmed":false,"spriteSourceSize":{"x":0,"y":0,"w":231,"h":289},"sourceSize":{"w":231,"h":289}},"koti_tv_uusi14.png":{"frame":{"x":924,"y":578,"w":231,"h":289},"rotated":false,"trimmed":false,"spriteSourceSize":{"x":0,"y":0,"w":231,"h":289},"sourceSize":{"w":231,"h":289}},"koti_tv_uusi15.png":{"frame":{"x":0,"y":867,"w":231,"h":289},"rotated":false,"trimmed":false,"spriteSourceSize":{"x":0,"y":0,"w":231,"h":289},"sourceSize":{"w":231,"h":289}},"koti_tv_uusi16.png":{"frame":{"x":231,"y":867,"w":231,"h":289},"rotated":false,"trimmed":false,"spriteSourceSize":{"x":0,"y":0,"w":231,"h":289},"sourceSize":{"w":231,"h":289}},"koti_tv_uusi17.png":{"frame":{"x":462,"y":867,"w":231,"h":289},"rotated":false,"trimmed":false,"spriteSourceSize":{"x":0,"y":0,"w":231,"h":289},"sourceSize":{"w":231,"h":289}},"koti_tv_uusi18.png":{"frame":{"x":693,"y":867,"w":231,"h":289},"rotated":false,"trimmed":false,"spriteSourceSize":{"x":0,"y":0,"w":231,"h":289},"sourceSize":{"w":231,"h":289}},"koti_tv_uusi19.png":{"frame":{"x":924,"y":867,"w":231,"h":289},"rotated":false,"trimmed":false,"spriteSourceSize":{"x":0,"y":0,"w":231,"h":289},"sourceSize":{"w":231,"h":289}},"koti_tv_uusi20.png":{"frame":{"x":0,"y":1156,"w":231,"h":289},"rotated":false,"trimmed":false,"spriteSourceSize":{"x":0,"y":0,"w":231,"h":289},"sourceSize":{"w":231,"h":289}},"koti_tv_uusi21.png":{"frame":{"x":231,"y":1156,"w":231,"h":289},"rotated":false,"trimmed":false,"spriteSourceSize":{"x":0,"y":0,"w":231,"h":289},"sourceSize":{"w":231,"h":289}}},"meta":{"app":"https://github.com/piskelapp/piskel/","version":"1.0","image":"koti_tv_uusi.png","format":"RGBA8888","size":{"w":1155,"h":1445}}}