{"frames":{"koti_ikkuna_reveal0.png":{"frame":{"x":0,"y":0,"w":314,"h":350},"rotated":false,"trimmed":false,"spriteSourceSize":{"x":0,"y":0,"w":314,"h":350},"sourceSize":{"w":314,"h":350}},"koti_ikkuna_reveal1.png":{"frame":{"x":314,"y":0,"w":314,"h":350},"rotated":false,"trimmed":false,"spriteSourceSize":{"x":0,"y":0,"w":314,"h":350},"sourceSize":{"w":314,"h":350}},"koti_ikkuna_reveal2.png":{"frame":{"x":0,"y":350,"w":314,"h":350},"rotated":false,"trimmed":false,"spriteSourceSize":{"x":0,"y":0,"w":314,"h":350},"sourceSize":{"w":314,"h":350}},"koti_ikkuna_reveal3.png":{"frame":{"x":314,"y":350,"w":314,"h":350},"rotated":false,"trimmed":false,"spriteSourceSize":{"x":0,"y":0,"w":314,"h":350},"sourceSize":{"w":314,"h":350}},"koti_ikkuna_reveal4.png":{"frame":{"x":0,"y":700,"w":314,"h":350},"rotated":false,"trimmed":false,"spriteSourceSize":{"x":0,"y":0,"w":314,"h":350},"sourceSize":{"w":314,"h":350}}},"meta":{"app":"https://github.com/piskelapp/piskel/","version":"1.0","image":"koti_ikkuna_reveal.png","format":"RGBA8888","size":{"w":628,"h":1050}}}