{"frames":{"TG_girl_lookup_cry5fps0.png":{"frame":{"x":0,"y":0,"w":200,"h":200},"rotated":false,"trimmed":false,"spriteSourceSize":{"x":0,"y":0,"w":200,"h":200},"sourceSize":{"w":200,"h":200}},"TG_girl_lookup_cry5fps1.png":{"frame":{"x":200,"y":0,"w":200,"h":200},"rotated":false,"trimmed":false,"spriteSourceSize":{"x":0,"y":0,"w":200,"h":200},"sourceSize":{"w":200,"h":200}},"TG_girl_lookup_cry5fps2.png":{"frame":{"x":0,"y":200,"w":200,"h":200},"rotated":false,"trimmed":false,"spriteSourceSize":{"x":0,"y":0,"w":200,"h":200},"sourceSize":{"w":200,"h":200}}},"meta":{"app":"https://github.com/piskelapp/piskel/","version":"1.0","image":"TG_girl_lookup_cry5fps.png","format":"RGBA8888","size":{"w":400,"h":400}}}