{"frames":{"aiti_muutos7fps0.png":{"frame":{"x":0,"y":0,"w":400,"h":400},"rotated":false,"trimmed":false,"spriteSourceSize":{"x":0,"y":0,"w":400,"h":400},"sourceSize":{"w":400,"h":400}},"aiti_muutos7fps1.png":{"frame":{"x":400,"y":0,"w":400,"h":400},"rotated":false,"trimmed":false,"spriteSourceSize":{"x":0,"y":0,"w":400,"h":400},"sourceSize":{"w":400,"h":400}},"aiti_muutos7fps2.png":{"frame":{"x":0,"y":400,"w":400,"h":400},"rotated":false,"trimmed":false,"spriteSourceSize":{"x":0,"y":0,"w":400,"h":400},"sourceSize":{"w":400,"h":400}},"aiti_muutos7fps3.png":{"frame":{"x":400,"y":400,"w":400,"h":400},"rotated":false,"trimmed":false,"spriteSourceSize":{"x":0,"y":0,"w":400,"h":400},"sourceSize":{"w":400,"h":400}},"aiti_muutos7fps4.png":{"frame":{"x":0,"y":800,"w":400,"h":400},"rotated":false,"trimmed":false,"spriteSourceSize":{"x":0,"y":0,"w":400,"h":400},"sourceSize":{"w":400,"h":400}}},"meta":{"app":"https://github.com/piskelapp/piskel/","version":"1.0","image":"aiti_muutos7fps.png","format":"RGBA8888","size":{"w":800,"h":1200}}}