{"frames":{"aiti_enkeli_idle5fps0.png":{"frame":{"x":0,"y":0,"w":400,"h":400},"rotated":false,"trimmed":false,"spriteSourceSize":{"x":0,"y":0,"w":400,"h":400},"sourceSize":{"w":400,"h":400}},"aiti_enkeli_idle5fps1.png":{"frame":{"x":400,"y":0,"w":400,"h":400},"rotated":false,"trimmed":false,"spriteSourceSize":{"x":0,"y":0,"w":400,"h":400},"sourceSize":{"w":400,"h":400}},"aiti_enkeli_idle5fps2.png":{"frame":{"x":0,"y":400,"w":400,"h":400},"rotated":false,"trimmed":false,"spriteSourceSize":{"x":0,"y":0,"w":400,"h":400},"sourceSize":{"w":400,"h":400}},"aiti_enkeli_idle5fps3.png":{"frame":{"x":400,"y":400,"w":400,"h":400},"rotated":false,"trimmed":false,"spriteSourceSize":{"x":0,"y":0,"w":400,"h":400},"sourceSize":{"w":400,"h":400}}},"meta":{"app":"https://github.com/piskelapp/piskel/","version":"1.0","image":"aiti_enkeli_idle5fps.png","format":"RGBA8888","size":{"w":800,"h":800}}}