{"frames":{"isa_walk clone0.png":{"frame":{"x":0,"y":0,"w":400,"h":400},"rotated":false,"trimmed":false,"spriteSourceSize":{"x":0,"y":0,"w":400,"h":400},"sourceSize":{"w":400,"h":400}},"isa_walk clone1.png":{"frame":{"x":400,"y":0,"w":400,"h":400},"rotated":false,"trimmed":false,"spriteSourceSize":{"x":0,"y":0,"w":400,"h":400},"sourceSize":{"w":400,"h":400}},"isa_walk clone2.png":{"frame":{"x":800,"y":0,"w":400,"h":400},"rotated":false,"trimmed":false,"spriteSourceSize":{"x":0,"y":0,"w":400,"h":400},"sourceSize":{"w":400,"h":400}},"isa_walk clone3.png":{"frame":{"x":1200,"y":0,"w":400,"h":400},"rotated":false,"trimmed":false,"spriteSourceSize":{"x":0,"y":0,"w":400,"h":400},"sourceSize":{"w":400,"h":400}},"isa_walk clone4.png":{"frame":{"x":0,"y":400,"w":400,"h":400},"rotated":false,"trimmed":false,"spriteSourceSize":{"x":0,"y":0,"w":400,"h":400},"sourceSize":{"w":400,"h":400}},"isa_walk clone5.png":{"frame":{"x":400,"y":400,"w":400,"h":400},"rotated":false,"trimmed":false,"spriteSourceSize":{"x":0,"y":0,"w":400,"h":400},"sourceSize":{"w":400,"h":400}},"isa_walk clone6.png":{"frame":{"x":800,"y":400,"w":400,"h":400},"rotated":false,"trimmed":false,"spriteSourceSize":{"x":0,"y":0,"w":400,"h":400},"sourceSize":{"w":400,"h":400}},"isa_walk clone7.png":{"frame":{"x":1200,"y":400,"w":400,"h":400},"rotated":false,"trimmed":false,"spriteSourceSize":{"x":0,"y":0,"w":400,"h":400},"sourceSize":{"w":400,"h":400}},"isa_walk clone8.png":{"frame":{"x":0,"y":800,"w":400,"h":400},"rotated":false,"trimmed":false,"spriteSourceSize":{"x":0,"y":0,"w":400,"h":400},"sourceSize":{"w":400,"h":400}},"isa_walk clone9.png":{"frame":{"x":400,"y":800,"w":400,"h":400},"rotated":false,"trimmed":false,"spriteSourceSize":{"x":0,"y":0,"w":400,"h":400},"sourceSize":{"w":400,"h":400}},"isa_walk clone10.png":{"frame":{"x":800,"y":800,"w":400,"h":400},"rotated":false,"trimmed":false,"spriteSourceSize":{"x":0,"y":0,"w":400,"h":400},"sourceSize":{"w":400,"h":400}},"isa_walk clone11.png":{"frame":{"x":1200,"y":800,"w":400,"h":400},"rotated":false,"trimmed":false,"spriteSourceSize":{"x":0,"y":0,"w":400,"h":400},"sourceSize":{"w":400,"h":400}},"isa_walk clone12.png":{"frame":{"x":0,"y":1200,"w":400,"h":400},"rotated":false,"trimmed":false,"spriteSourceSize":{"x":0,"y":0,"w":400,"h":400},"sourceSize":{"w":400,"h":400}},"isa_walk clone13.png":{"frame":{"x":400,"y":1200,"w":400,"h":400},"rotated":false,"trimmed":false,"spriteSourceSize":{"x":0,"y":0,"w":400,"h":400},"sourceSize":{"w":400,"h":400}},"isa_walk clone14.png":{"frame":{"x":800,"y":1200,"w":400,"h":400},"rotated":false,"trimmed":false,"spriteSourceSize":{"x":0,"y":0,"w":400,"h":400},"sourceSize":{"w":400,"h":400}}},"meta":{"app":"https://github.com/piskelapp/piskel/","version":"1.0","image":"isa_walk clone.png","format":"RGBA8888","size":{"w":1600,"h":1600}}}