{"frames":{"enemy_hum_walk0.png":{"frame":{"x":0,"y":0,"w":400,"h":400},"rotated":false,"trimmed":false,"spriteSourceSize":{"x":0,"y":0,"w":400,"h":400},"sourceSize":{"w":400,"h":400}},"enemy_hum_walk1.png":{"frame":{"x":400,"y":0,"w":400,"h":400},"rotated":false,"trimmed":false,"spriteSourceSize":{"x":0,"y":0,"w":400,"h":400},"sourceSize":{"w":400,"h":400}},"enemy_hum_walk2.png":{"frame":{"x":0,"y":400,"w":400,"h":400},"rotated":false,"trimmed":false,"spriteSourceSize":{"x":0,"y":0,"w":400,"h":400},"sourceSize":{"w":400,"h":400}},"enemy_hum_walk3.png":{"frame":{"x":400,"y":400,"w":400,"h":400},"rotated":false,"trimmed":false,"spriteSourceSize":{"x":0,"y":0,"w":400,"h":400},"sourceSize":{"w":400,"h":400}}},"meta":{"app":"https://github.com/piskelapp/piskel/","version":"1.0","image":"enemy_hum_walk.png","format":"RGBA8888","size":{"w":800,"h":800}}}